,name,region,outcome,majority,registered,turnout,turnout_delta
0,Aberavon,Wales,LAB HOLD,"10,490","50,747",62.3%,-4.4
1,Aberconwy,Wales,CON HOLD,"2,034","44,699",71.3%,+0.2
2,Aberdeen North,Scotland,SNP HOLD,"12,670","62,489",59.9%,+0.7
3,Aberdeen South,Scotland,SNP GAIN FROM CON,"3,990","65,719",69.4%,+1.0
4,Aberdeenshire West & Kincardine,Scotland,CON HOLD,843,"72,640",73.4%,+2.2
5,Airdrie & Shotts,Scotland,SNP HOLD,"5,201","64,008",62.1%,+2.9
6,Aldershot,England,CON HOLD,"16,698","72,617",66.0%,+1.8
7,Aldridge-Brownhills,England,CON HOLD,"19,836","60,138",65.4%,-1.2
8,Altrincham & Sale West,England,CON HOLD,"6,139","73,096",74.9%,+2.8
9,Alyn & Deeside,Wales,LAB HOLD,213,"62,783",68.5%,-2.5
10,Amber Valley,England,CON HOLD,"16,886","69,976",65.1%,-2.2
11,Angus,Scotland,SNP GAIN FROM CON,"3,795","63,952",67.5%,+4.5
12,Arfon,Wales,PC HOLD,"2,781","42,215",68.9%,+0.7
13,Argyll & Bute,Scotland,SNP HOLD,"4,110","66,525",72.2%,+0.7
14,Arundel & South Downs,England,CON HOLD,"22,521","81,726",75.1%,-0.7
15,Ashfield,England,CON GAIN FROM LAB,"5,733","78,204",62.6%,-1.4
16,Ashford,England,CON HOLD,"24,029","89,550",67.1%,-1.5
17,Ashton-under-Lyne,England,LAB HOLD,"4,263","68,497",56.3%,-4.2
18,Aylesbury,England,CON HOLD,"17,373","86,665",69.9%,-1.3
19,"Ayr, Carrick & Cumnock",Scotland,SNP GAIN FROM CON,"2,329","71,970",64.7%,-0.1
20,Ayrshire Central,Scotland,SNP HOLD,"5,304","69,742",66.7%,+1.4
21,Ayrshire North & Arran,Scotland,SNP HOLD,"8,521","73,534",65.5%,+0.7
22,Banbury,England,CON HOLD,"16,813","90,113",69.8%,-3.6
23,Banff & Buchan,Scotland,CON HOLD,"4,118","66,655",63.4%,+1.8
24,Barking,England,LAB HOLD,"15,427","77,946",57.1%,-4.8
25,Barnsley Central,England,LAB HOLD,"3,571","65,277",56.5%,-4.3
26,Barnsley East,England,LAB HOLD,"3,217","69,504",54.8%,-4.1
27,Barrow & Furness,England,CON GAIN FROM LAB,"5,789","70,158",65.6%,-2.9
28,Basildon & Billericay,England,CON HOLD,"20,412","69,906",63.1%,-1.8
29,Basildon South & Thurrock East,England,CON HOLD,"19,922","74,441",60.8%,-3.2
30,Basingstoke,England,CON HOLD,"14,198","82,926",66.0%,-2.4
31,Bassetlaw,England,CON GAIN FROM LAB,"14,013","80,035",63.5%,-3.0
32,Bath,England,LD HOLD,"12,322","67,725",77.0%,+2.7
33,Batley & Spen,England,LAB HOLD,"3,525","79,558",66.5%,-0.6
34,Battersea,England,LAB HOLD,"5,668","79,309",75.6%,+4.6
35,Beaconsfield,England,CON HOLD,"15,712","77,720",74.5%,+2.2
36,Beckenham,England,CON HOLD,"14,258","68,671",73.6%,-2.4
37,Bedford,England,LAB HOLD,145,"71,579",66.1%,-1.4
38,Bedfordshire Mid,England,CON HOLD,"24,664","87,795",73.7%,-1.3
39,Bedfordshire North East,England,CON HOLD,"24,283","90,679",71.7%,-1.7
40,Bedfordshire South West,England,CON HOLD,"18,583","79,926",66.7%,-3.1
41,Belfast East,Northern Ireland,DUP HOLD,"1,819","66,245",64.1%,-3.5
42,Belfast North,Northern Ireland,SF GAIN FROM DUP,"1,943","72,225",67.9%,+0.6
43,Belfast South,Northern Ireland,SDLP GAIN FROM DUP,"15,401","69,984",67.7%,+1.5
44,Belfast West,Northern Ireland,SF HOLD,"14,672","65,644",59.1%,-6.0
45,Bermondsey & Old Southwark,England,LAB HOLD,"16,126","93,313",62.8%,-4.2
46,Berwick-upon-Tweed,England,CON HOLD,"14,835","59,939",70.3%,-1.5
47,"Berwickshire, Roxburgh & Selkirk",Scotland,CON HOLD,"5,148","74,518",71.3%,-0.2
48,Bethnal Green & Bow,England,LAB HOLD,"37,524","88,169",68.7%,-0.8
49,Beverley & Holderness,England,CON HOLD,"20,448","79,683",67.2%,-1.8
50,Bexhill & Battle,England,CON HOLD,"26,059","81,968",72.1%,-1.0
51,Bexleyheath & Crayford,England,CON HOLD,"13,103","65,466",66.1%,-3.1
52,Birkenhead,England,LAB HOLD,"17,705","63,762",66.4%,-1.3
53,Birmingham Edgbaston,England,LAB HOLD,"5,614","68,828",61.5%,-2.6
54,Birmingham Erdington,England,LAB HOLD,"3,601","66,148",53.3%,-3.9
55,Birmingham Hall Green,England,LAB HOLD,"28,508","80,283",65.9%,-3.5
56,Birmingham Hodge Hill,England,LAB HOLD,"28,655","78,295",57.5%,-3.8
57,Birmingham Ladywood,England,LAB HOLD,"28,582","74,912",56.2%,-2.8
58,Birmingham Northfield,England,CON GAIN FROM LAB,"1,640","73,694",58.5%,-2.8
59,Birmingham Perry Barr,England,LAB HOLD,"15,317","72,006",58.5%,-4.5
60,Birmingham Selly Oak,England,LAB HOLD,"12,414","82,665",59.8%,-6.0
61,Birmingham Yardley,England,LAB HOLD,"10,659","74,704",57.1%,-4.2
62,Bishop Auckland,England,CON GAIN FROM LAB,"7,962","68,170",65.7%,+1.8
63,Blackburn,England,LAB HOLD,"18,304","71,228",62.8%,-4.4
64,Blackley & Broughton,England,LAB HOLD,"14,402","73,372",52.6%,-3.4
65,Blackpool North & Cleveleys,England,CON HOLD,"8,596","63,691",60.9%,-3.2
66,Blackpool South,England,CON GAIN FROM LAB,"3,690","57,688",56.8%,-3.0
67,Blaenau Gwent,Wales,LAB HOLD,"8,647","50,736",59.6%,-3.7
68,Blaydon,England,LAB HOLD,"5,531","67,853",67.3%,-2.9
69,Blyth Valley,England,CON GAIN FROM LAB,712,"64,429",63.4%,-3.6
70,Bognor Regis & Littlehampton,England,CON HOLD,"22,503","77,488",66.1%,-1.6
71,Bolsover,England,CON GAIN FROM LAB,"5,299","75,157",61.1%,-2.2
72,Bolton North East,England,CON GAIN FROM LAB,378,"67,564",64.5%,-2.7
73,Bolton South East,England,LAB HOLD,"7,598","69,163",58.7%,-2.7
74,Bolton West,England,CON HOLD,"8,855","73,191",67.4%,-2.8
75,Bootle,England,LAB HOLD,"34,556","74,832",65.7%,-3.3
76,Boston & Skegness,England,CON HOLD,"25,621","69,265",60.2%,-2.5
77,Bosworth,England,CON HOLD,"26,278","81,537",69.2%,+0.4
78,Bournemouth East,England,CON HOLD,"8,806","74,127",66.5%,+1.3
79,Bournemouth West,England,CON HOLD,"10,150","74,211",62.0%,+1.1
80,Bracknell,England,CON HOLD,"19,829","79,206",68.6%,-2.0
81,Bradford East,England,LAB HOLD,"18,144","73,206",60.4%,-4.5
82,Bradford South,England,LAB HOLD,"2,346","69,046",57.6%,-3.0
83,Bradford West,England,LAB HOLD,"27,019","70,694",62.6%,-4.8
84,Braintree,England,CON HOLD,"24,673","75,208",67.1%,-2.3
85,Brecon & Radnorshire,Wales,CON WIN,"7,131","55,490",74.5%,+0.7
86,Brent Central,England,LAB HOLD,"20,870","84,204",58.3%,-6.6
87,Brent North,England,LAB HOLD,"8,079","83,772",61.9%,-6.4
88,Brentford & Isleworth,England,LAB HOLD,"10,514","85,770",68.0%,-4.4
89,Brentwood & Ongar,England,CON HOLD,"29,065","75,253",70.4%,-0.1
90,Bridgend,Wales,CON GAIN FROM LAB,"1,157","63,303",66.7%,-2.8
91,Bridgwater & Somerset West,England,CON HOLD,"24,439","85,327",67.6%,+2.3
92,Brigg & Goole,England,CON HOLD,"21,941","65,939",65.8%,-2.4
93,Brighton Kemptown,England,LAB HOLD,"8,061","69,833",69.5%,-3.0
94,Brighton Pavilion,England,GRN HOLD,"19,940","79,057",73.4%,-3.1
95,Bristol East,England,LAB HOLD,"10,794","73,867",70.6%,+0.5
96,Bristol North West,England,LAB HOLD,"5,692","76,273",73.3%,+1.6
97,Bristol South,England,LAB HOLD,"9,859","84,079",65.6%,+0.1
98,Bristol West,England,LAB HOLD,"28,219","99,253",76.1%,-0.9
99,Broadland,England,CON HOLD,"21,861","78,151",72.9%,+0.5
100,Bromley & Chislehurst,England,CON HOLD,"10,891","66,711",68.3%,-3.4
101,Bromsgrove,England,CON HOLD,"23,106","75,079",72.3%,-1.2
102,Broxbourne,England,CON HOLD,"19,807","73,182",63.8%,-0.8
103,Broxtowe,England,CON HOLD,"5,331","73,052",75.7%,+0.7
104,Buckingham,England,CON WIN,"20,411","83,146",76.3%,+10.2
105,Burnley,England,CON GAIN FROM LAB,"1,352","64,343",60.6%,-1.7
106,Burton,England,CON HOLD,"14,496","75,030",65.0%,-2.5
107,Bury North,England,CON GAIN FROM LAB,105,"68,802",68.1%,-2.8
108,Bury South,England,CON GAIN FROM LAB,402,"75,152",66.9%,-2.3
109,Bury St Edmunds,England,CON HOLD,"24,988","89,644",69.1%,-3.1
110,Caerphilly,Wales,LAB HOLD,"6,833","63,166",63.5%,-0.6
111,"Caithness, Sutherland & Easter Ross",Scotland,LD HOLD,204,"46,930",67.0%,+1.1
112,Calder Valley,England,CON HOLD,"5,774","79,287",72.9%,-0.6
113,Camberwell & Peckham,England,LAB HOLD,"33,780","89,042",63.4%,-3.6
114,Camborne & Redruth,England,CON HOLD,"8,700","70,250",71.7%,+0.9
115,Cambridge,England,LAB HOLD,"9,639","79,951",67.2%,-4.0
116,Cambridgeshire North East,England,CON HOLD,"29,993","83,699",63.3%,+0.2
117,Cambridgeshire North West,England,CON HOLD,"25,983","94,909",68.0%,-0.6
118,Cambridgeshire South,England,CON HOLD,"2,904","87,288",76.7%,+0.5
119,Cambridgeshire South East,England,CON HOLD,"11,490","86,769",74.2%,+1.0
120,Cannock Chase,England,CON HOLD,"19,879","74,813",61.9%,-2.3
121,Canterbury,England,LAB HOLD,"1,836","80,203",75.0%,+2.3
122,Cardiff Central,Wales,LAB HOLD,"17,179","64,037",65.3%,-2.8
123,Cardiff North,Wales,LAB HOLD,"6,982","68,438",77.0%,-0.4
124,Cardiff South & Penarth,Wales,LAB HOLD,"12,737","78,837",64.2%,-2.2
125,Cardiff West,Wales,LAB HOLD,"10,986","68,508",67.4%,-2.4
126,Carlisle,England,CON HOLD,"8,319","65,105",65.9%,-3.3
127,Carmarthen East & Dinefwr,Wales,PC HOLD,"1,809","57,407",71.4%,-1.9
128,Carmarthen West & Pembrokeshire South,Wales,CON HOLD,"7,745","58,629",71.8%,-0.3
129,Carshalton & Wallington,England,CON GAIN FROM LD,629,"72,926",67.3%,-4.3
130,Castle Point,England,CON HOLD,"26,634","69,643",63.6%,-0.8
131,Ceredigion,Wales,PC HOLD,"6,329","56,250",71.3%,-2.0
132,Charnwood,England,CON HOLD,"22,397","79,556",69.6%,-1.1
133,Chatham & Aylesford,England,CON HOLD,"18,540","73,305",59.1%,-4.6
134,Cheadle,England,CON HOLD,"2,336","74,639",74.9%,+0.6
135,Chelmsford,England,CON HOLD,"17,621","80,481",71.0%,+0.8
136,Chelsea & Fulham,England,CON HOLD,"11,241","67,110",69.8%,+3.7
137,Cheltenham,England,CON HOLD,981,"81,043",73.2%,+1.0
138,Chesham & Amersham,England,CON HOLD,"16,223","72,542",76.8%,-0.3
139,"Chester, City of",England,LAB HOLD,"6,164","76,057",71.7%,-5.7
140,Chesterfield,England,LAB HOLD,"1,451","70,994",63.6%,-2.9
141,Chichester,England,CON HOLD,"21,490","85,499",71.6%,+1.1
142,Chingford & Woodford Green,England,CON HOLD,"1,262","65,393",74.1%,+2.9
143,Chippenham,England,CON HOLD,"11,288","77,225",73.9%,-0.8
144,Chipping Barnet,England,CON HOLD,"1,212","79,960",72.0%,+0.2
145,Chorley,England,SPE WIN,"17,392","78,177",51.0%,-21.8
146,Christchurch,England,CON HOLD,"24,617","71,521",72.6%,+0.6
147,Cities of London & Westminster,England,CON HOLD,"3,953","63,700",67.1%,+4.3
148,Clacton,England,CON HOLD,"24,702","70,930",61.3%,-3.0
149,Cleethorpes,England,CON HOLD,"21,418","73,689",62.9%,-2.9
150,Clwyd South,Wales,CON GAIN FROM LAB,"1,239","53,919",67.3%,-2.4
151,Clwyd West,Wales,CON HOLD,"6,747","57,714",69.7%,-0.1
152,"Coatbridge, Chryston & Bellshill",Scotland,SNP GAIN FROM LAB,"5,624","72,943",66.1%,+2.8
153,Colchester,England,CON HOLD,"9,423","82,625",64.6%,-2.3
154,Colne Valley,England,CON GAIN FROM LAB,"5,103","84,174",72.4%,+0.8
155,Congleton,England,CON HOLD,"18,561","80,930",70.7%,-2.6
156,Copeland,England,CON HOLD,"5,842","61,693",68.9%,-0.6
157,Corby,England,CON HOLD,"10,268","86,151",70.2%,-2.1
158,Cornwall North,England,CON HOLD,"14,752","69,935",73.9%,-0.1
159,Cornwall South East,England,CON HOLD,"20,971","71,825",74.7%,+0.7
160,"Cotswolds, The",England,CON HOLD,"20,214","81,939",74.7%,+0.4
161,Coventry North East,England,LAB HOLD,"7,692","76,002",58.5%,-2.9
162,Coventry North West,England,LAB HOLD,208,"75,240",63.5%,-2.8
163,Coventry South,England,LAB HOLD,401,"70,970",63.5%,-3.0
164,Crawley,England,CON HOLD,"8,360","74,207",67.2%,-1.2
165,Crewe & Nantwich,England,CON GAIN FROM LAB,"8,508","80,321",67.3%,-2.5
166,Croydon Central,England,LAB HOLD,"5,949","81,410",66.4%,-4.9
167,Croydon North,England,LAB HOLD,"24,673","88,466",62.9%,-5.3
168,Croydon South,England,CON HOLD,"12,339","83,977",70.7%,-2.7
169,"Cumbernauld, Kilsyth & Kirkintilloch East",Scotland,SNP HOLD,"12,976","66,079",69.1%,+3.3
170,Cynon Valley,Wales,LAB HOLD,"8,822","51,134",59.1%,-2.8
171,Dagenham & Rainham,England,LAB HOLD,293,"71,043",61.6%,-3.4
172,Darlington,England,CON GAIN FROM LAB,"3,294","66,395",65.5%,-2.0
173,Dartford,England,CON HOLD,"19,160","82,209",65.7%,-3.4
174,Daventry,England,CON HOLD,"26,080","77,521",74.0%,+0.1
175,Delyn,Wales,CON GAIN FROM LAB,865,"54,552",70.3%,-2.5
176,Denton & Reddish,England,LAB HOLD,"6,175","66,234",58.3%,-0.3
177,Derby North,England,CON GAIN FROM LAB,"2,540","73,212",64.2%,-5.4
178,Derby South,England,LAB HOLD,"6,019","73,079",58.1%,-6.7
179,Derbyshire Dales,England,CON HOLD,"17,381","65,060",76.9%,-0.1
180,Derbyshire Mid,England,CON HOLD,"15,385","67,437",73.2%,-1.5
181,Derbyshire North East,England,CON HOLD,"12,876","72,360",68.0%,-1.9
182,Derbyshire South,England,CON HOLD,"19,335","79,365",67.3%,-1.6
183,Devizes,England,CON HOLD,"23,993","73,379",69.4%,-0.6
184,Devon Central,England,CON HOLD,"17,721","74,926",77.5%,-0.3
185,Devon East,England,CON HOLD,"6,708","86,841",73.8%,+0.5
186,Devon North,England,CON HOLD,"14,813","75,853",73.3%,-0.2
187,Devon South West,England,CON HOLD,"21,430","72,535",73.6%,-0.6
188,Devon West & Torridge,England,CON HOLD,"24,992","79,831",74.8%,+1.0
189,Dewsbury,England,CON GAIN FROM LAB,"1,561","81,252",69.4%,-0.1
190,Don Valley,England,CON GAIN FROM LAB,"3,630","75,356",60.3%,-1.9
191,Doncaster Central,England,LAB HOLD,"2,278","71,389",58.2%,-1.7
192,Doncaster North,England,LAB HOLD,"2,370","72,362",56.2%,-2.2
193,Dorset Mid & Poole North,England,CON HOLD,"14,898","65,426",74.8%,+0.6
194,Dorset North,England,CON HOLD,"24,301","75,956",73.9%,+0.9
195,Dorset South,England,CON HOLD,"17,153","72,924",70.0%,-1.8
196,Dorset West,England,CON HOLD,"14,106","80,963",75.3%,+2.8
197,Dover,England,CON HOLD,"12,278","76,355",66.4%,-3.3
198,Dudley North,England,CON GAIN FROM LAB,"11,533","61,936",59.2%,-3.5
199,Dudley South,England,CON HOLD,"15,565","60,731",60.2%,-2.1
200,Dulwich & West Norwood,England,LAB HOLD,"27,310","84,663",65.9%,-6.1
201,Dumfries & Galloway,Scotland,CON HOLD,"1,805","74,580",69.0%,-0.6
202,"Dumfriesshire, Clydesdale & Tweeddale",Scotland,CON HOLD,"3,781","68,330",71.9%,-0.4
203,Dunbartonshire East,Scotland,SNP GAIN FROM LD,149,"66,075",80.3%,+2.1
204,Dunbartonshire West,Scotland,SNP HOLD,"9,553","66,517",67.9%,+2.7
205,Dundee East,Scotland,SNP HOLD,"13,375","66,210",68.4%,+3.2
206,Dundee West,Scotland,SNP HOLD,"12,259","64,431",64.5%,+2.8
207,Dunfermline & West Fife,Scotland,SNP HOLD,"10,699","76,652",69.8%,+2.4
208,Durham North,England,LAB HOLD,"4,742","66,796",63.2%,-1.5
209,Durham North West,England,CON GAIN FROM LAB,"1,144","72,166",66.0%,-0.6
210,"Durham, City of",England,LAB HOLD,"5,025","71,271",68.6%,+0.6
211,Dwyfor Meirionnydd,Wales,PC HOLD,"4,740","44,362",67.5%,-0.4
212,Ealing Central & Acton,England,LAB HOLD,"13,300","75,510",72.6%,-2.0
213,Ealing North,England,LAB HOLD,"12,269","74,473",66.6%,-3.6
214,Ealing Southall,England,LAB HOLD,"16,084","64,580",65.4%,-3.9
215,Easington,England,LAB HOLD,"6,581","61,182",56.5%,-1.8
216,East Antrim,Northern Ireland,DUP HOLD,"6,706","64,830",57.5%,-3.2
217,East Ham,England,LAB HOLD,"33,176","88,316",61.9%,-5.6
218,"East Kilbride, Strathaven & Lesmahagow",Scotland,SNP HOLD,"13,322","81,224",69.4%,+2.1
219,East Londonderry,Northern Ireland,DUP HOLD,"9,607","69,246",56.8%,-4.4
220,East Lothian,Scotland,SNP GAIN FROM LAB,"3,886","81,600",71.7%,+1.1
221,Eastbourne,England,CON GAIN FROM LD,"4,331","79,307",69.5%,-3.4
222,Eastleigh,England,CON HOLD,"15,607","83,880",70.3%,-0.2
223,Eddisbury,England,CON HOLD,"18,443","73,700",71.9%,-1.2
224,Edinburgh East,Scotland,SNP HOLD,"10,417","69,424",68.9%,+2.8
225,Edinburgh North & Leith,Scotland,SNP HOLD,"12,808","81,336",73.0%,+1.8
226,Edinburgh South,Scotland,LAB HOLD,"11,095","66,188",75.1%,+1.0
227,Edinburgh South West,Scotland,SNP HOLD,"11,982","73,501",70.9%,+1.5
228,Edinburgh West,Scotland,LD HOLD,"3,769","72,507",75.2%,+1.4
229,Edmonton,England,LAB HOLD,"16,015","65,568",61.5%,-4.9
230,Ellesmere Port & Neston,England,LAB HOLD,"8,764","70,327",69.3%,-4.9
231,Elmet & Rothwell,England,CON HOLD,"17,353","80,957",71.9%,-2.2
232,Eltham,England,LAB HOLD,"3,197","64,084",68.2%,-3.4
233,Enfield North,England,LAB HOLD,"6,492","68,066",66.2%,-5.2
234,Enfield Southgate,England,LAB HOLD,"4,450","65,055",72.7%,-1.4
235,Epping Forest,England,CON HOLD,"22,173","74,305",67.7%,-0.3
236,Epsom & Ewell,England,CON HOLD,"17,873","81,138",73.3%,-0.8
237,Erewash,England,CON HOLD,"10,606","72,519",67.3%,-0.9
238,Erith & Thamesmead,England,LAB HOLD,"3,758","65,399",63.3%,-0.5
239,Esher & Walton,England,CON HOLD,"2,743","81,184",77.7%,+3.8
240,Exeter,England,LAB HOLD,"10,403","82,043",68.5%,-3.2
241,Falkirk,Scotland,SNP HOLD,"14,948","84,472",66.1%,+0.7
242,Fareham,England,CON HOLD,"26,086","78,337",73.1%,+0.8
243,Faversham & Mid Kent,England,CON HOLD,"21,976","73,404",68.7%,-6.2
244,Feltham & Heston,England,LAB HOLD,"7,859","80,932",59.1%,-5.8
245,Fermanagh & South Tyrone,Northern Ireland,SF HOLD,57,"72,848",69.7%,-6.1
246,Fife North East,Scotland,LD GAIN FROM SNP,"1,316","60,905",75.3%,+4.1
247,Filton & Bradley Stoke,England,CON HOLD,"5,646","74,016",72.6%,+2.7
248,Finchley & Golders Green,England,CON HOLD,"6,562","77,573",71.0%,-0.4
249,Folkestone & Hythe,England,CON HOLD,"21,337","88,273",66.8%,-1.4
250,Forest of Dean,England,CON HOLD,"15,869","71,438",72.1%,-1.0
251,Foyle,Northern Ireland,SDLP GAIN FROM SF,"17,110","74,346",63.4%,-2.0
252,Fylde,England,CON HOLD,"16,611","66,847",69.8%,-0.7
253,Gainsborough,England,CON HOLD,"22,967","76,343",66.9%,-0.9
254,Garston & Halewood,England,LAB HOLD,"31,624","76,116",70.1%,-1.1
255,Gateshead,England,LAB HOLD,"7,200","64,449",59.2%,-5.4
256,Gedling,England,CON GAIN FROM LAB,679,"71,438",69.9%,-2.6
257,Gillingham & Rainham,England,CON HOLD,"15,119","73,549",62.5%,-4.5
258,Glasgow Central,Scotland,SNP HOLD,"6,474","69,230",57.9%,+2.0
259,Glasgow East,Scotland,SNP HOLD,"5,566","67,381",57.1%,+2.5
260,Glasgow North,Scotland,SNP HOLD,"5,601","57,130",63.3%,+1.2
261,Glasgow North East,Scotland,SNP GAIN FROM LAB,"2,548","61,075",55.5%,+2.5
262,Glasgow North West,Scotland,SNP HOLD,"8,359","63,402",62.7%,+1.8
263,Glasgow South,Scotland,SNP HOLD,"9,005","70,891",66.9%,+2.5
264,Glasgow South West,Scotland,SNP HOLD,"4,900","64,575",57.1%,+0.9
265,Glenrothes,Scotland,SNP HOLD,"11,757","65,762",63.2%,+2.3
266,Gloucester,England,CON HOLD,"10,277","81,332",66.1%,+0.9
267,Gordon,Scotland,SNP GAIN FROM CON,819,"79,629",70.2%,+1.9
268,Gosport,England,CON HOLD,"23,278","73,569",65.9%,-0.9
269,Gower,Wales,LAB HOLD,"1,837","61,762",72.0%,-1.3
270,Grantham & Stamford,England,CON HOLD,"26,003","81,502",68.7%,-0.5
271,Gravesham,England,CON HOLD,"15,581","73,234",64.9%,-2.2
272,Great Grimsby,England,CON GAIN FROM LAB,"7,331","61,409",53.9%,-3.7
273,Great Yarmouth,England,CON HOLD,"17,663","71,957",60.4%,-1.4
274,Greenwich & Woolwich,England,LAB HOLD,"18,464","79,997",66.4%,-2.4
275,Guildford,England,CON HOLD,"3,337","77,729",75.5%,+1.7
276,Hackney North & Stoke Newington,England,LAB HOLD,"33,188","92,451",61.5%,-4.7
277,Hackney South & Shoreditch,England,LAB HOLD,"33,985","89,380",60.9%,-5.7
278,Halesowen & Rowley Regis,England,CON HOLD,"12,074","68,300",62.0%,-2.5
279,Halifax,England,LAB HOLD,"2,569","71,904",64.6%,-3.2
280,Haltemprice & Howden,England,CON HOLD,"20,329","71,062",70.1%,-1.9
281,Halton,England,LAB HOLD,"18,975","71,930",64.2%,-3.2
282,Hammersmith,England,LAB HOLD,"17,847","74,759",69.5%,-2.3
283,Hampshire East,England,CON HOLD,"19,696","76,478",74.4%,-0.3
284,Hampshire North East,England,CON HOLD,"20,211","78,954",75.1%,-2.2
285,Hampshire North West,England,CON HOLD,"26,308","83,083",70.9%,-1.3
286,Hampstead & Kilburn,England,LAB HOLD,"14,188","82,432",69.6%,-0.8
287,Harborough,England,CON HOLD,"17,278","80,480",71.2%,-1.9
288,Harlow,England,CON HOLD,"14,063","68,078",63.7%,-2.6
289,Harrogate & Knaresborough,England,CON HOLD,"9,675","77,914",73.1%,-0.3
290,Harrow East,England,CON HOLD,"8,170","72,120",68.6%,-2.2
291,Harrow West,England,LAB HOLD,"8,692","72,477",66.1%,-6.0
292,Hartlepool,England,LAB HOLD,"3,595","70,855",57.9%,-1.2
293,Harwich & Essex North,England,CON HOLD,"20,182","74,153",70.1%,-1.7
294,Hastings & Rye,England,CON HOLD,"4,043","80,524",67.4%,-2.5
295,Havant,England,CON HOLD,"21,792","72,130",63.7%,-0.2
296,Hayes & Harlington,England,LAB HOLD,"9,261","72,356",60.8%,-4.4
297,Hazel Grove,England,CON HOLD,"4,423","65,457",67.6%,-2.2
298,Hemel Hempstead,England,CON HOLD,"14,563","73,737",69.5%,-0.7
299,Hemsworth,England,LAB HOLD,"1,180","73,726",59.6%,-4.4
300,Hendon,England,CON HOLD,"4,230","82,661",66.6%,-1.6
301,Henley,England,CON HOLD,"14,053","76,660",76.6%,+0.5
302,Hereford & Herefordshire South,England,CON HOLD,"19,686","72,085",68.9%,-2.1
303,Herefordshire North,England,CON HOLD,"24,856","70,252",72.6%,-1.4
304,Hertford & Stortford,England,CON HOLD,"19,620","82,407",72.9%,+0.1
305,Hertfordshire North East,England,CON HOLD,"18,189","76,123",72.7%,-0.5
306,Hertfordshire South West,England,CON HOLD,"14,408","80,449",76.1%,+1.3
307,Hertsmere,England,CON HOLD,"21,313","73,971",70.6%,-0.5
308,Hexham,England,CON HOLD,"10,549","61,324",75.3%,-0.5
309,Heywood & Middleton,England,CON GAIN FROM LAB,663,"80,162",59.2%,-3.2
310,High Peak,England,CON GAIN FROM LAB,590,"74,343",72.9%,-0.7
311,Hitchin & Harpenden,England,CON HOLD,"6,895","76,321",77.1%,-0.3
312,Holborn & St Pancras,England,LAB HOLD,"27,763","87,236",65.1%,-1.9
313,Hornchurch & Upminster,England,CON HOLD,"23,308","80,765",66.8%,-2.5
314,Hornsey & Wood Green,England,LAB HOLD,"19,242","81,814",74.7%,-3.2
315,Horsham,England,CON HOLD,"21,127","86,730",72.9%,-2.0
316,Houghton & Sunderland South,England,LAB HOLD,"3,115","68,828",57.8%,-3.0
317,Hove,England,LAB HOLD,"17,044","74,313",75.9%,-1.7
318,Huddersfield,England,LAB HOLD,"4,937","65,525",63.9%,-1.5
319,Hull East,England,LAB HOLD,"1,239","65,745",49.3%,-6.2
320,Hull North,England,LAB HOLD,"7,593","65,515",52.2%,-5.2
321,Hull West & Hessle,England,LAB HOLD,"2,856","60,409",51.9%,-5.5
322,Huntingdon,England,CON HOLD,"19,383","84,657",69.9%,-1.0
323,Hyndburn,England,CON GAIN FROM LAB,"2,951","70,910",59.8%,-3.3
324,Ilford North,England,LAB HOLD,"5,218","72,963",68.7%,-6.1
325,Ilford South,England,LAB HOLD,"24,101","84,957",62.9%,-7.0
326,Inverclyde,Scotland,SNP HOLD,"7,512","60,622",65.8%,-0.6
327,"Inverness, Nairn, Badenoch & Strathspey",Scotland,SNP HOLD,"10,440","78,057",70.2%,+1.5
328,Ipswich,England,CON GAIN FROM LAB,"5,479","75,525",65.6%,-1.9
329,Isle of Wight,England,CON HOLD,"23,737","113,021",65.9%,-1.4
330,Islington North,England,LAB HOLD,"26,188","75,162",71.6%,-1.8
331,Islington South & Finsbury,England,LAB HOLD,"17,328","70,489",67.8%,-1.3
332,Islwyn,Wales,LAB HOLD,"5,464","55,423",62.0%,-2.2
333,Jarrow,England,LAB HOLD,"7,120","65,103",62.6%,-3.8
334,Keighley,England,CON GAIN FROM LAB,"2,218","72,778",72.3%,-0.1
335,Kenilworth & Southam,England,CON HOLD,"20,353","68,156",77.2%,-0.2
336,Kensington,England,CON GAIN FROM LAB,150,"64,609",67.7%,+3.9
337,Kettering,England,CON HOLD,"16,765","73,187",67.4%,-1.7
338,Kilmarnock & Loudoun,Scotland,SNP HOLD,"12,659","74,517",63.9%,+0.5
339,Kingston & Surbiton,England,LD HOLD,"10,489","81,975",74.2%,-2.0
340,Kingswood,England,CON HOLD,"11,220","68,972",71.5%,+1.2
341,Kirkcaldy & Cowdenbeath,Scotland,SNP GAIN FROM LAB,"1,243","72,853",64.5%,+1.0
342,Knowsley,England,LAB HOLD,"39,942","84,060",65.4%,-2.5
343,Lagan Valley,Northern Ireland,DUP HOLD,"6,499","75,735",60.0%,-2.1
344,Lanark & Hamilton East,Scotland,SNP HOLD,"5,187","77,659",68.3%,+3.1
345,Lancashire West,England,LAB HOLD,"8,336","73,346",71.8%,-2.4
346,Lancaster & Fleetwood,England,LAB HOLD,"2,380","70,059",64.5%,-3.9
347,Leeds Central,England,LAB HOLD,"19,270","90,971",54.2%,+0.9
348,Leeds East,England,LAB HOLD,"5,531","67,286",58.0%,-4.8
349,Leeds North East,England,LAB HOLD,"17,089","70,580",71.6%,-4.0
350,Leeds North West,England,LAB HOLD,"10,749","67,741",72.8%,+4.8
351,Leeds West,England,LAB HOLD,"10,564","67,727",59.5%,-2.7
352,Leicester East,England,LAB HOLD,"6,019","78,432",63.0%,-4.4
353,Leicester South,England,LAB HOLD,"22,675","77,665",64.6%,-2.3
354,Leicester West,England,LAB HOLD,"4,212","64,918",53.6%,-4.3
355,Leicestershire North West,England,CON HOLD,"20,400","78,935",68.2%,-2.9
356,Leicestershire South,England,CON HOLD,"24,004","80,520",71.4%,-0.4
357,Leigh,England,CON GAIN FROM LAB,"1,965","77,417",60.7%,-0.8
358,Lewes,England,CON HOLD,"2,457","71,503",76.7%,+0.3
359,Lewisham Deptford,England,LAB HOLD,"32,913","80,617",68.7%,-1.6
360,Lewisham East,England,LAB WIN,"17,008","67,857",66.0%,-3.2
361,Lewisham West & Penge,England,LAB HOLD,"21,543","74,615",69.8%,-3.1
362,Leyton & Wanstead,England,LAB HOLD,"20,808","64,852",68.7%,-2.2
363,Lichfield,England,CON HOLD,"23,638","76,751",70.3%,-1.6
364,Lincoln,England,CON GAIN FROM LAB,"3,514","74,778",67.7%,+1.1
365,Linlithgow & Falkirk East,Scotland,SNP HOLD,"11,266","87,044",66.4%,+1.3
366,Liverpool Riverside,England,LAB HOLD,"37,043","80,310",65.7%,+2.8
367,Liverpool Walton,England,LAB HOLD,"30,520","62,628",65.1%,-2.1
368,Liverpool Wavertree,England,LAB HOLD,"27,085","63,458",68.4%,-1.6
369,Liverpool West Derby,England,LAB HOLD,"29,984","65,640",67.0%,-2.3
370,Livingston,Scotland,SNP HOLD,"13,435","82,285",66.3%,+1.7
371,Llanelli,Wales,LAB HOLD,"4,670","60,513",63.2%,-4.7
372,Loughborough,England,CON HOLD,"7,169","79,776",68.5%,+0.5
373,Louth & Horncastle,England,CON HOLD,"28,868","79,648",65.7%,-1.1
374,Ludlow,England,CON HOLD,"23,648","69,442",72.3%,-1.1
375,Luton North,England,LAB HOLD,"9,247","68,185",62.5%,-7.3
376,Luton South,England,LAB HOLD,"8,756","69,338",60.7%,-8.0
377,Macclesfield,England,CON HOLD,"10,711","76,216",70.7%,-1.5
378,Maidenhead,England,CON HOLD,"18,846","76,668",73.7%,-2.9
379,Maidstone & The Weald,England,CON HOLD,"21,772","76,110",67.9%,-0.7
380,Makerfield,England,LAB HOLD,"4,740","74,190",59.7%,-3.5
381,Maldon,England,CON HOLD,"30,041","72,641",69.4%,-0.8
382,Manchester Central,England,LAB HOLD,"29,089","94,247",55.5%,+0.4
383,Manchester Gorton,England,LAB HOLD,"30,339","76,419",58.3%,-2.7
384,Manchester Withington,England,LAB HOLD,"27,905","76,530",69.2%,-2.6
385,Mansfield,England,CON HOLD,"16,306","77,131",63.9%,-0.6
386,Meon Valley,England,CON HOLD,"23,555","75,737",72.4%,-0.6
387,Meriden,England,CON HOLD,"22,836","85,368",63.4%,-3.6
388,Merthyr Tydfil & Rhymney,Wales,LAB HOLD,"10,606","56,322",57.3%,-3.2
389,Mid Ulster,Northern Ireland,SF HOLD,"9,537","70,449",63.3%,-4.8
390,Middlesbrough,England,LAB HOLD,"8,390","60,759",52.9%,-5.5
391,Middlesbrough South & Cleveland East,England,CON HOLD,"11,626","72,339",66.1%,+0.3
392,Midlothian,Scotland,SNP GAIN FROM LAB,"5,705","70,544",68.4%,+2.1
393,Milton Keynes North,England,CON HOLD,"6,255","91,535",68.3%,-3.3
394,Milton Keynes South,England,CON HOLD,"6,944","96,343",66.4%,-3.4
395,Mitcham & Morden,England,LAB HOLD,"16,482","70,014",65.3%,-4.7
396,Mole Valley,England,CON HOLD,"12,041","74,665",76.5%,+0.4
397,Monmouth,Wales,CON HOLD,"9,982","67,094",74.8%,-1.8
398,Montgomeryshire,Wales,CON HOLD,"12,138","48,997",69.8%,+1.1
399,Moray,Scotland,CON HOLD,513,"71,035",68.7%,+1.4
400,Morecambe & Lunesdale,England,CON HOLD,"6,354","67,397",67.2%,-1.1
401,Morley & Outwood,England,CON HOLD,"11,267","78,803",65.9%,-2.5
402,Motherwell & Wishaw,Scotland,SNP HOLD,"6,268","68,856",64.5%,+3.0
403,Na h-Eileanan an Iar (Western Isles),Scotland,SNP HOLD,"2,438","21,106",68.6%,-1.0
404,Neath,Wales,LAB HOLD,"5,637","56,416",65.2%,-3.4
405,New Forest East,England,CON HOLD,"25,251","73,552",69.0%,-1.7
406,New Forest West,England,CON HOLD,"24,403","70,867",71.0%,-1.2
407,Newark,England,CON HOLD,"21,816","75,855",72.2%,-0.7
408,Newbury,England,CON HOLD,"16,047","83,414",71.9%,-1.5
409,Newcastle upon Tyne Central,England,LAB HOLD,"12,278","57,845",64.8%,-2.2
410,Newcastle upon Tyne East,England,LAB HOLD,"15,463","63,796",68.0%,+0.8
411,Newcastle upon Tyne North,England,LAB HOLD,"5,765","68,486",68.6%,-4.5
412,Newcastle-under-Lyme,England,CON GAIN FROM LAB,"7,446","68,211",65.6%,-1.2
413,Newport East,Wales,LAB HOLD,"1,992","58,554",62.0%,-2.4
414,Newport West,Wales,LAB WIN,902,"66,657",65.2%,-2.3
415,Newry & Armagh,Northern Ireland,SF HOLD,"9,287","81,226",62.5%,-5.9
416,Newton Abbot,England,CON HOLD,"17,501","72,533",72.5%,+0.5
417,Norfolk Mid,England,CON HOLD,"22,594","81,975",68.5%,-1.0
418,Norfolk North,England,CON GAIN FROM LD,"14,395","70,729",71.9%,-3.5
419,Norfolk North West,England,CON HOLD,"19,922","72,080",64.7%,-3.1
420,Norfolk South,England,CON HOLD,"21,275","86,214",72.5%,-1.1
421,Norfolk South West,England,CON HOLD,"26,195","78,455",65.6%,-1.7
422,"Normanton, Pontefract & Castleford",England,LAB HOLD,"1,276","84,527",57.1%,-3.2
423,North Antrim,Northern Ireland,DUP HOLD,"12,721","77,134",57.1%,-6.9
424,North Down,Northern Ireland,APNI GAIN FROM IND,"2,968","67,099",60.6%,-0.3
425,Northampton North,England,CON HOLD,"5,507","59,265",66.7%,-1.9
426,Northampton South,England,CON HOLD,"4,697","62,172",65.7%,-0.8
427,Northamptonshire South,England,CON HOLD,"27,761","90,840",73.7%,-2.1
428,Norwich North,England,CON HOLD,"4,738","67,172",68.9%,+0.3
429,Norwich South,England,LAB HOLD,"12,760","77,845",66.4%,-2.9
430,Nottingham East,England,LAB HOLD,"17,393","66,262",60.4%,-3.3
431,Nottingham North,England,LAB HOLD,"4,490","66,495",53.1%,-4.2
432,Nottingham South,England,LAB HOLD,"12,568","79,485",60.6%,-7.1
433,Nuneaton,England,CON HOLD,"13,144","70,226",64.3%,-2.2
434,Ochil & South Perthshire,Scotland,SNP GAIN FROM CON,"4,498","78,776",73.4%,+2.8
435,Ogmore,Wales,LAB HOLD,"7,805","57,581",61.5%,-3.7
436,Old Bexley & Sidcup,England,CON HOLD,"18,952","66,104",69.8%,-3.0
437,Oldham East & Saddleworth,England,LAB HOLD,"1,499","72,173",64.0%,-1.2
438,Oldham West & Royton,England,LAB HOLD,"11,127","73,063",60.8%,-2.4
439,Orkney & Shetland,Scotland,LD HOLD,"2,507","34,211",67.7%,-0.4
440,Orpington,England,CON HOLD,"22,378","68,884",70.7%,-3.6
441,Oxford East,England,LAB HOLD,"17,832","77,947",63.3%,-5.5
442,Oxford West & Abingdon,England,LD HOLD,"8,943","76,953",76.4%,-3.0
443,Paisley & Renfrewshire North,Scotland,SNP HOLD,"11,902","72,007",69.0%,-0.1
444,Paisley & Renfrewshire South,Scotland,SNP HOLD,"10,679","64,385",66.9%,-1.1
445,Pendle,England,CON HOLD,"6,186","65,289",68.1%,-0.9
446,Penistone & Stocksbridge,England,CON GAIN FROM LAB,"7,210","70,925",69.8%,+0.0
447,Penrith & The Border,England,CON HOLD,"18,519","67,555",70.8%,-0.5
448,Perth & North Perthshire,Scotland,SNP HOLD,"7,550","72,600",74.5%,+2.7
449,Peterborough,England,CON WIN,"2,580","72,560",65.9%,-0.9
450,Plymouth Moor View,England,CON HOLD,"12,897","69,430",63.7%,-1.8
451,Plymouth Sutton & Devonport,England,LAB HOLD,"4,757","77,852",68.3%,+1.4
452,Pontypridd,Wales,LAB HOLD,"5,887","60,327",64.7%,-1.1
453,Poole,England,CON HOLD,"19,116","73,992",68.2%,+0.6
454,Poplar & Limehouse,England,LAB HOLD,"28,904","91,760",66.8%,-0.6
455,Portsmouth North,England,CON HOLD,"15,780","71,299",64.4%,-1.8
456,Portsmouth South,England,LAB HOLD,"5,363","74,186",63.9%,+0.1
457,Preseli Pembrokeshire,Wales,CON HOLD,"5,062","59,586",71.2%,-0.9
458,Preston,England,LAB HOLD,"12,146","59,672",56.6%,-5.0
459,Pudsey,England,CON HOLD,"3,517","73,212",74.1%,-0.2
460,Putney,England,LAB GAIN FROM CON,"4,774","65,542",77.0%,+4.9
461,Rayleigh & Wickford,England,CON HOLD,"31,000","78,959",69.5%,-0.9
462,Reading East,England,LAB HOLD,"5,924","77,465",72.2%,-0.9
463,Reading West,England,CON HOLD,"4,117","74,623",67.5%,-1.9
464,Redcar,England,CON GAIN FROM LAB,"3,527","65,855",62.0%,-1.7
465,Redditch,England,CON HOLD,"16,036","65,391",67.4%,-2.8
466,Reigate,England,CON HOLD,"18,310","74,842",71.0%,-1.1
467,Renfrewshire East,Scotland,SNP GAIN FROM CON,"5,426","72,232",76.6%,-0.1
468,Rhondda,Wales,LAB HOLD,"11,440","50,262",59.0%,-6.2
469,Ribble Valley,England,CON HOLD,"18,439","79,247",69.8%,-1.0
470,Richmond (Yorks),England,CON HOLD,"27,210","82,601",69.9%,-0.6
471,Richmond Park,England,LD GAIN FROM CON,"7,766","82,696",78.7%,-0.5
472,Rochdale,England,LAB HOLD,"9,668","78,909",60.1%,-4.0
473,Rochester & Strood,England,CON HOLD,"17,072","82,056",63.3%,-1.7
474,Rochford & Southend East,England,CON HOLD,"12,286","75,624",61.0%,-3.3
475,Romford,England,CON HOLD,"17,893","72,350",65.3%,-2.7
476,Romsey & Southampton North,England,CON HOLD,"10,872","68,228",75.3%,+0.7
477,"Ross, Skye & Lochaber",Scotland,SNP HOLD,"9,443","54,229",73.5%,+1.8
478,Rossendale & Darwen,England,CON HOLD,"9,522","72,771",67.1%,-2.1
479,Rother Valley,England,CON GAIN FROM LAB,"6,318","74,802",65.1%,-0.7
480,Rotherham,England,LAB HOLD,"3,121","61,688",57.8%,-2.2
481,Rugby,England,CON HOLD,"13,447","72,340",70.2%,-0.9
482,"Ruislip, Northwood & Pinner",England,CON HOLD,"16,394","73,389",72.1%,-0.6
483,Runnymede & Weybridge,England,CON HOLD,"18,270","77,196",69.0%,+0.1
484,Rushcliffe,England,CON HOLD,"7,643","77,055",78.5%,+0.5
485,Rutherglen & Hamilton West,Scotland,SNP GAIN FROM LAB,"5,230","80,918",66.5%,+3.0
486,Rutland & Melton,England,CON HOLD,"26,924","82,711",70.5%,-2.9
487,Saffron Walden,England,CON HOLD,"27,594","87,017",72.5%,-0.8
488,Salford & Eccles,England,LAB HOLD,"16,327","82,202",61.6%,+0.6
489,Salisbury,England,CON HOLD,"19,736","74,560",72.1%,-1.1
490,Scarborough & Whitby,England,CON HOLD,"10,270","74,393",66.8%,-1.7
491,Scunthorpe,England,CON GAIN FROM LAB,"6,451","61,955",60.9%,-4.4
492,Sedgefield,England,CON GAIN FROM LAB,"4,513","64,325",64.6%,-0.5
493,Sefton Central,England,LAB HOLD,"15,122","69,760",72.9%,-2.5
494,Selby & Ainsty,England,CON HOLD,"20,137","78,715",71.7%,-2.2
495,Sevenoaks,England,CON HOLD,"20,818","71,777",71.0%,-0.6
496,Sheffield Brightside & Hillsborough,England,LAB HOLD,"12,274","69,333",57.1%,-2.4
497,Sheffield Central,England,LAB HOLD,"27,273","89,849",56.7%,-5.1
498,Sheffield Hallam,England,LAB HOLD,712,"72,763",78.2%,+0.6
499,Sheffield Heeley,England,LAB HOLD,"8,520","66,940",63.8%,-1.2
500,Sheffield South East,England,LAB HOLD,"4,289","67,832",61.9%,-1.3
501,Sherwood,England,CON HOLD,"16,186","77,948",67.6%,-2.4
502,Shipley,England,CON HOLD,"6,242","74,029",72.9%,-0.1
503,Shrewsbury & Atcham,England,CON HOLD,"11,217","82,237",71.8%,-1.8
504,Shropshire North,England,CON HOLD,"22,949","83,257",67.9%,-1.2
505,Sittingbourne & Sheppey,England,CON HOLD,"24,479","83,917",61.2%,-1.6
506,Skipton & Ripon,England,CON HOLD,"23,694","78,673",74.6%,+0.2
507,Sleaford & North Hykeham,England,CON HOLD,"32,565","94,761",70.2%,-2.1
508,Slough,England,LAB HOLD,"13,640","87,632",58.2%,-7.0
509,Solihull,England,CON HOLD,"21,273","78,760",70.3%,-2.7
510,Somerset North,England,CON HOLD,"17,536","80,194",77.4%,+0.4
511,Somerset North East,England,CON HOLD,"14,729","73,665",76.4%,+0.7
512,Somerton & Frome,England,CON HOLD,"19,213","85,866",75.6%,-0.1
513,South Antrim,Northern Ireland,DUP HOLD,"2,689","71,711",59.9%,-3.3
514,South Down,Northern Ireland,SF HOLD,"1,620","79,175",62.9%,-4.4
515,South Holland & The Deepings,England,CON HOLD,"30,838","75,990",64.7%,-1.2
516,South Ribble,England,CON HOLD,"11,199","75,344",71.4%,-1.0
517,South Shields,England,LAB HOLD,"9,585","62,793",60.3%,-3.9
518,Southampton Itchen,England,CON HOLD,"4,498","72,293",65.6%,+0.4
519,Southampton Test,England,LAB HOLD,"6,213","70,113",64.2%,-2.6
520,Southend West,England,CON HOLD,"14,459","69,043",67.4%,-2.3
521,Southport,England,CON HOLD,"4,147","70,837",68.0%,-1.1
522,Spelthorne,England,CON HOLD,"18,393","70,929",69.8%,+0.8
523,St Albans,England,LD GAIN FROM CON,"6,293","73,721",78.1%,-0.2
524,St Austell & Newquay,England,CON HOLD,"16,526","79,930",69.8%,+0.8
525,St Helens North,England,LAB HOLD,"12,209","75,593",62.9%,-3.1
526,St Helens South & Whiston,England,LAB HOLD,"19,122","79,058",63.6%,-3.3
527,St Ives,England,CON HOLD,"4,284","68,795",74.7%,-1.6
528,Stafford,England,CON HOLD,"14,377","72,572",70.5%,-5.4
529,Staffordshire Moorlands,England,CON HOLD,"16,428","65,485",66.7%,-3.9
530,Staffordshire South,England,CON HOLD,"28,250","73,680",67.9%,-1.7
531,Stalybridge & Hyde,England,LAB HOLD,"2,946","73,873",57.4%,-2.1
532,Stevenage,England,CON HOLD,"8,562","71,562",66.6%,-3.1
533,Stirling,Scotland,SNP GAIN FROM CON,"9,254","68,473",76.8%,+2.5
534,Stockport,England,LAB HOLD,"10,039","65,457",63.7%,-0.9
535,Stockton North,England,LAB HOLD,"1,027","66,676",61.7%,-2.7
536,Stockton South,England,CON GAIN FROM LAB,"5,260","76,895",71.3%,+0.1
537,Stoke-on-Trent Central,England,CON GAIN FROM LAB,670,"55,424",57.9%,-0.4
538,Stoke-on-Trent North,England,CON GAIN FROM LAB,"6,286","84,357",47.6%,-10.8
539,Stoke-on-Trent South,England,CON HOLD,"11,271","64,499",61.4%,-1.7
540,Stone,England,CON HOLD,"19,945","69,378",71.8%,-1.9
541,Stourbridge,England,CON HOLD,"13,571","69,891",65.4%,-1.8
542,Strangford,Northern Ireland,DUP HOLD,"7,071","66,928",56.0%,-4.2
543,Stratford-on-Avon,England,CON HOLD,"19,972","74,038",74.4%,+0.6
544,Streatham,England,LAB HOLD,"17,690","84,788",66.7%,-4.3
545,Stretford & Urmston,England,LAB HOLD,"16,417","72,356",69.2%,-0.7
546,Stroud,England,CON GAIN FROM LAB,"3,840","84,536",78.0%,+1.0
547,Suffolk Central & Ipswich North,England,CON HOLD,"23,391","76,201",73.8%,+1.5
548,Suffolk Coastal,England,CON HOLD,"20,533","81,910",71.2%,-2.0
549,Suffolk South,England,CON HOLD,"22,897","76,201",70.2%,-1.7
550,Suffolk West,England,CON HOLD,"23,194","80,192",64.1%,-2.8
551,Sunderland Central,England,LAB HOLD,"2,964","72,672",59.8%,-2.2
552,Surrey East,England,CON HOLD,"24,040","83,148",71.8%,-0.4
553,Surrey Heath,England,CON HOLD,"18,349","81,349",72.1%,+0.5
554,Surrey South West,England,CON HOLD,"8,817","79,129",76.3%,-1.2
555,Sussex Mid,England,CON HOLD,"18,197","85,140",73.7%,+0.5
556,Sutton & Cheam,England,CON HOLD,"8,351","71,760",70.4%,-3.5
557,Sutton Coldfield,England,CON HOLD,"19,272","75,638",69.2%,-0.7
558,Swansea East,Wales,LAB HOLD,"7,970","58,450",57.4%,-2.6
559,Swansea West,Wales,LAB HOLD,"8,116","57,078",62.8%,-2.8
560,Swindon North,England,CON HOLD,"16,171","82,441",66.9%,-1.6
561,Swindon South,England,CON HOLD,"6,625","73,118",69.4%,-1.4
562,Tamworth,England,CON HOLD,"19,634","71,580",64.3%,-1.7
563,Tatton,England,CON HOLD,"17,387","69,018",70.9%,-1.4
564,Taunton Deane,England,CON HOLD,"11,700","88,675",71.9%,-1.9
565,Telford,England,CON HOLD,"10,941","68,921",62.1%,-3.5
566,Tewkesbury,England,CON HOLD,"22,410","83,958",72.8%,+0.3
567,Thanet North,England,CON HOLD,"17,189","72,811",66.2%,-0.3
568,Thanet South,England,CON HOLD,"10,587","73,302",65.8%,-2.9
569,Thirsk & Malton,England,CON HOLD,"25,154","80,979",69.9%,-1.2
570,Thornbury & Yate,England,CON HOLD,"12,369","69,492",75.2%,+0.5
571,Thurrock,England,CON HOLD,"11,482","79,655",59.6%,-4.8
572,Tiverton & Honiton,England,CON HOLD,"24,239","82,953",71.9%,+0.2
573,Tonbridge & Malling,England,CON HOLD,"26,941","77,380",73.7%,+0.2
574,Tooting,England,LAB HOLD,"14,307","76,933",76.0%,+1.4
575,Torbay,England,CON HOLD,"17,749","75,054",67.2%,-0.2
576,Torfaen,Wales,LAB HOLD,"3,742","61,743",60.2%,-1.9
577,Totnes,England,CON HOLD,"12,724","69,863",74.7%,+1.7
578,Tottenham,England,LAB HOLD,"30,175","75,740",61.9%,-5.8
579,Truro & Falmouth,England,CON HOLD,"4,561","76,719",77.2%,+1.3
580,Tunbridge Wells,England,CON HOLD,"14,645","74,816",73.0%,+0.6
581,Twickenham,England,LD HOLD,"14,121","84,901",76.0%,-3.5
582,Tynemouth,England,LAB HOLD,"4,857","77,261",72.5%,-0.9
583,Tyneside North,England,LAB HOLD,"9,561","78,902",63.9%,-1.8
584,Upper Bann,Northern Ireland,DUP HOLD,"8,210","82,887",60.4%,-3.6
585,Uxbridge & Ruislip South,England,CON HOLD,"7,210","70,369",68.5%,+1.7
586,Vale of Clwyd,Wales,CON GAIN FROM LAB,"1,827","56,649",65.7%,-2.3
587,Vale of Glamorgan,Wales,CON HOLD,"3,562","76,508",71.6%,-1.0
588,Vauxhall,England,LAB HOLD,"19,612","88,647",63.5%,-3.5
589,Wakefield,England,CON GAIN FROM LAB,"3,358","70,192",64.1%,-1.7
590,Wallasey,England,LAB HOLD,"18,322","66,310",70.1%,-1.6
591,Walsall North,England,CON HOLD,"11,965","67,177",54.4%,-2.2
592,Walsall South,England,LAB HOLD,"3,456","68,024",62.4%,-2.9
593,Walthamstow,England,LAB HOLD,"30,862","70,268",68.8%,-2.1
594,Wansbeck,England,LAB HOLD,814,"63,339",64.0%,-4.4
595,Wantage,England,CON HOLD,"12,653","90,875",73.9%,-0.2
596,Warley,England,LAB HOLD,"11,511","62,421",59.7%,-3.4
597,Warrington North,England,LAB HOLD,"1,509","72,235",64.6%,-2.9
598,Warrington South,England,CON GAIN FROM LAB,"2,010","86,015",72.0%,-0.4
599,Warwick & Leamington,England,LAB HOLD,789,"76,373",71.0%,-1.8
600,Warwickshire North,England,CON HOLD,"17,956","70,271",65.3%,+0.1
601,Washington & Sunderland West,England,LAB HOLD,"3,723","66,273",56.6%,-3.7
602,Watford,England,CON HOLD,"4,433","83,359",69.7%,+1.9
603,Waveney,England,CON HOLD,"18,002","82,791",61.8%,-3.5
604,Wealden,England,CON HOLD,"25,655","83,038",73.3%,-0.9
605,Weaver Vale,England,LAB HOLD,562,"70,551",71.9%,-1.5
606,Wellingborough,England,CON HOLD,"18,540","80,764",64.3%,-2.9
607,Wells,England,CON HOLD,"9,991","84,124",73.2%,-0.6
608,Welwyn Hatfield,England,CON HOLD,"10,955","74,892",69.5%,-1.4
609,Wentworth & Dearne,England,LAB HOLD,"2,165","74,536",55.8%,-2.9
610,West Bromwich East,England,CON GAIN FROM LAB,"1,593","62,111",57.9%,-3.3
611,West Bromwich West,England,CON GAIN FROM LAB,"3,799","64,576",53.4%,-1.4
612,West Ham,England,LAB HOLD,"32,388","97,942",61.5%,-4.2
613,West Tyrone,Northern Ireland,SF WIN,"7,478","66,259",62.2%,-5.8
614,Westminster North,England,LAB HOLD,"10,759","65,519",65.5%,-2.3
615,Westmorland & Lonsdale,England,LD HOLD,"1,934","67,789",77.8%,-0.1
616,Weston-Super-Mare,England,CON HOLD,"17,121","82,526",67.4%,-1.3
617,Wigan,England,LAB HOLD,"6,728","75,680",59.5%,-3.6
618,Wiltshire North,England,CON HOLD,"17,626","73,283",74.7%,-0.5
619,Wiltshire South West,England,CON HOLD,"21,630","77,970",70.4%,-0.8
620,Wimbledon,England,CON HOLD,628,"68,232",77.7%,+0.6
621,Winchester,England,CON HOLD,985,"75,582",77.9%,-0.9
622,Windsor,England,CON HOLD,"20,079","75,038",71.6%,-1.6
623,Wirral South,England,LAB HOLD,"6,105","57,280",76.0%,-2.3
624,Wirral West,England,LAB HOLD,"3,003","55,550",77.3%,-1.2
625,Witham,England,CON HOLD,"24,082","70,402",70.1%,-1.1
626,Witney,England,CON HOLD,"15,177","83,845",73.1%,-0.5
627,Woking,England,CON HOLD,"9,767","75,455",71.5%,-1.0
628,Wokingham,England,CON HOLD,"7,383","83,953",73.8%,-1.6
629,Wolverhampton North East,England,CON GAIN FROM LAB,"4,080","61,829",55.4%,-4.6
630,Wolverhampton South East,England,LAB HOLD,"1,235","63,006",53.1%,-7.1
631,Wolverhampton South West,England,CON GAIN FROM LAB,"1,661","60,895",67.6%,-3.1
632,Worcester,England,CON HOLD,"6,758","73,475",69.3%,-0.3
633,Worcestershire Mid,England,CON HOLD,"28,018","78,221",71.7%,-0.7
634,Worcestershire West,England,CON HOLD,"24,499","76,267",75.4%,-0.5
635,Workington,England,CON GAIN FROM LAB,"4,176","61,370",67.8%,-1.4
636,Worsley & Eccles South,England,LAB HOLD,"3,219","75,219",59.4%,-2.5
637,Worthing East & Shoreham,England,CON HOLD,"7,441","75,195",70.7%,+0.4
638,Worthing West,England,CON HOLD,"14,823","78,587",69.5%,-0.6
639,"Wrekin, The",England,CON HOLD,"18,726","70,693",69.2%,-3.0
640,Wrexham,Wales,CON GAIN FROM LAB,"2,131","49,734",67.4%,-2.9
641,Wycombe,England,CON HOLD,"4,214","78,094",70.1%,+0.7
642,Wyre & Preston North,England,CON HOLD,"16,781","75,168",70.4%,-2.4
643,Wyre Forest,England,CON HOLD,"21,413","78,079",64.8%,-1.0
644,Wythenshawe & Sale East,England,LAB HOLD,"10,396","76,313",58.7%,-1.4
645,Yeovil,England,CON HOLD,"16,181","82,468",71.9%,+0.2
646,Ynys Mon,Wales,CON GAIN FROM LAB,"1,968","51,925",70.4%,-0.2
647,York Central,England,LAB HOLD,"13,545","74,801",66.2%,-2.5
648,York Outer,England,CON HOLD,"9,985","74,673",74.1%,-1.6
649,Yorkshire East,England,CON HOLD,"22,787","80,871",65.3%,-1.3
